{
  "evaluation_date": "2025-10-05T16:51:20.422023",
  "model_info": {
    "type": "Extractive Summarization",
    "algorithm": "Sentence Ranking with Multi-feature Scoring",
    "max_sentences": 3,
    "is_trained": true
  },
  "metrics": {
    "compression_ratio": {
      "mean": 0.6003387543709521,
      "std": 0.03700111232542967,
      "min": 0.5510204081632653,
      "max": 0.6565656565656566
    },
    "coverage": {
      "mean": 0.5969764284832777,
      "std": 0.0458667274560948,
      "min": 0.547945205479452,
      "max": 0.6756756756756757
    },
    "quality_score": {
      "mean": 0.5180503553415858,
      "std": 0.01497430229396535,
      "min": 0.49650905877154217,
      "max": 0.5427791427791427
    },
    "keyword_coverage": {
      "mean": 0.7933333333333332,
      "std": 0.32276582498427214,
      "min": 0.16666666666666666,
      "max": 1.0
    },
    "processing_time": {
      "mean": 0.0016202449798583985,
      "std": 0.00023850846503547013,
      "min": 0.001348257064819336,
      "max": 0.001997709274291992
    }
  },
  "individual_results": [
    {
      "title": "Mastercard launches $200M fund for African fintech startups",
      "category": "fintech",
      "original_length": 99,
      "summary_length": 65,
      "compression_ratio": 0.6565656565656566,
      "coverage": 0.6756756756756757,
      "quality_score": 0.5427791427791427,
      "keyword_coverage": 1.0,
      "processing_time": 0.001997709274291992,
      "summary": "Mastercard has announced a new 200 million fund specifically designed to support fintech startups across Africa This initiative is part of Mastercards broader strategy to expand financial inclusion across the continent and support the growing digital economy The fund will focus on companies developing mobile payment solutions, digital banking platforms, and other fintech innovations that can help bring more people into the formal financial system"
    },
    {
      "title": "New mobile payment solution revolutionizes digital banking",
      "category": "mobile_payments",
      "original_length": 83,
      "summary_length": 52,
      "compression_ratio": 0.6265060240963856,
      "coverage": 0.6111111111111112,
      "quality_score": 0.5160642570281124,
      "keyword_coverage": 1.0,
      "processing_time": 0.0015120506286621094,
      "summary": "A groundbreaking mobile payment solution has been launched that allows users to make secure transactions using their smartphones The solution features advanced biometric authentication, real-time fraud detection, and seamless integration with existing banking systems The technology uses end-to-end encryption and blockchain-based security protocols to ensure maximum protection of user data and transactions"
    },
    {
      "title": "Healthcare technology startup raises $50M in Series B funding",
      "category": "healthcare_tech",
      "original_length": 93,
      "summary_length": 54,
      "compression_ratio": 0.5806451612903226,
      "coverage": 0.547945205479452,
      "quality_score": 0.49650905877154217,
      "keyword_coverage": 1.0,
      "processing_time": 0.0017893314361572266,
      "summary": "A promising healthcare technology startup has successfully raised 50 million in Series B funding to expand its AI-powered diagnostic platform This funding round was led by prominent venture capital firms and healthcare industry leaders The startup plans to use the investment to expand into new markets, hire additional talent, and enhance its technology platform"
    },
    {
      "title": "E-commerce platform introduces AI-powered recommendation engine",
      "category": "ecommerce",
      "original_length": 92,
      "summary_length": 54,
      "compression_ratio": 0.5869565217391305,
      "coverage": 0.5945945945945946,
      "quality_score": 0.5219741480611046,
      "keyword_coverage": 0.8,
      "processing_time": 0.0014538764953613281,
      "summary": "A leading e-commerce platform has unveiled its new AI-powered recommendation engine that personalizes shopping experiences for millions of users This technology is expected to increase customer satisfaction and boost sales by 25 within the first year The recommendation engine uses advanced machine learning models and real-time data processing to deliver personalized suggestions within milliseconds"
    },
    {
      "title": "Renewable energy company announces major expansion plans",
      "category": "renewable_energy",
      "original_length": 98,
      "summary_length": 54,
      "compression_ratio": 0.5510204081632653,
      "coverage": 0.5555555555555556,
      "quality_score": 0.5129251700680273,
      "keyword_coverage": 0.16666666666666666,
      "processing_time": 0.001348257064819336,
      "summary": "The company plans to invest 2 billion in new infrastructure, technology, and workforce development This expansion is expected to create over 5,000 new jobs and significantly reduce carbon emissions in the regions where the projects will be implemented The company has secured partnerships with local governments and environmental organizations to ensure sustainable development practices"
    }
  ]
}