{
  "model_type": "Traditional ML (Extractive Summarization)",
  "architecture": "TF-IDF + Sentence Ranking + Multi-feature Scoring",
  "total_articles": 153,
  "rouge_scores": {
    "rouge_1": 0.7196834814327027,
    "rouge_2": 0.6554987240038642,
    "rouge_l": 0.6572884695775818
  },
  "compression_metrics": {
    "avg_compression_ratio": 0.7597936969473867,
    "avg_coverage": 0.6725957676977684,
    "avg_reduction_percentage": 22.05984599153583
  },
  "quality_metrics": {
    "avg_quality_score": 0.49179684458480444,
    "accuracy": 0.5620915032679739,
    "f1_score": 0.6953433572983895
  }
}